TotalTime;Phase;PhaseTime;Vel;Acc
1;Phase 1;1;0;0
2;Phase 1;2;0;0
3;Phase 1;3;0;0
4;Phase 1;4;0;0
5;Phase 1;5;0;0
6;Phase 1;6;0;0
7;Phase 1;7;0;0
8;Phase 1;8;0;0
9;Phase 1;9;0;0
10;Phase 1;10;0;0
11;Phase 1;11;0;0
12;Phase 1;12;0;0
13;Phase 1;13;0;0
14;Phase 1;14;0;0
15;Phase 1;15;0;0
16;Phase 1;16;0;0
17;Phase 1;17;0;0
18;Phase 1;18;0;0
19;Phase 1;19;0;0
20;Phase 1;20;0;1.34112
21;Phase 1;21;1.34112;1.296416
22;Phase 1;22;2.637536;1.207008
23;Phase 1;23;3.844544;1.296416
24;Phase 1;24;5.14096;1.251712
25;Phase 1;25;6.392672;1.162304
26;Phase 1;26;7.554976;0.178816
27;Phase 1;27;7.733792;0.357632
28;Phase 1;28;8.091424;1.162304
29;Phase 1;29;9.253728;0.44704
30;Phase 1;30;9.700768;0.312928
31;Phase 1;31;10.013696;0.044704
32;Phase 1;32;10.0584;-0.178816
33;Phase 1;33;9.879584;-0.268224
34;Phase 1;34;9.61136;-0.268224
35;Phase 1;35;9.343136;-0.22352
36;Phase 1;36;9.119616;-0.268224
37;Phase 1;37;8.851392;-1.251712
38;Phase 1;38;7.59968;-0.938784
39;Phase 1;39;6.660896;0
40;Phase 1;40;6.660896;0.134112
41;Phase 1;41;6.795008;0.134112
42;Phase 1;42;6.92912;0.22352
43;Phase 1;43;7.15264;0.491744
44;Phase 1;44;7.644384;0.89408
45;Phase 1;45;8.538464;0.89408
46;Phase 1;46;9.432544;0.715264
47;Phase 1;47;10.147808;0.089408
48;Phase 1;48;10.237216;-0.089408
49;Phase 1;49;10.147808;-0.044704
50;Phase 1;50;10.103104;-0.581152
51;Phase 1;51;9.521952;-1.028192
52;Phase 1;52;8.49376;-0.849376
53;Phase 1;53;7.644384;-0.581152
54;Phase 1;54;7.063232;0
55;Phase 1;55;7.063232;0.849376
56;Phase 1;56;7.912608;0.938784
57;Phase 1;57;8.851392;0.804672
58;Phase 1;58;9.656064;0.715264
59;Phase 1;59;10.371328;0.44704
60;Phase 1;60;10.818368;0.178816
61;Phase 1;61;10.997184;0.134112
62;Phase 1;62;11.131296;0.044704
63;Phase 1;63;11.176;-0.178816
64;Phase 1;64;10.997184;-0.044704
65;Phase 1;65;10.95248;0.089408
66;Phase 1;66;11.041888;0.044704
67;Phase 1;67;11.086592;-0.044704
68;Phase 1;68;11.041888;-0.044704
69;Phase 1;69;10.997184;0
70;Phase 1;70;10.997184;0.22352
71;Phase 1;71;11.220704;0.22352
72;Phase 1;72;11.444224;0.044704
73;Phase 1;73;11.488928;-0.134112
74;Phase 1;74;11.354816;-0.22352
75;Phase 1;75;11.131296;0.044704
76;Phase 1;76;11.176;0.178816
77;Phase 1;77;11.354816;0.268224
78;Phase 1;78;11.62304;0
79;Phase 1;79;11.62304;-0.134112
80;Phase 1;80;11.488928;0.178816
81;Phase 1;81;11.667744;0.268224
82;Phase 1;82;11.935968;0.357632
83;Phase 1;83;12.2936;0.491744
84;Phase 1;84;12.785344;0.312928
85;Phase 1;85;13.098272;0.22352
86;Phase 1;86;13.321792;0.134112
87;Phase 1;87;13.455904;0.134112
88;Phase 1;88;13.590016;0.134112
89;Phase 1;89;13.724128;0
90;Phase 1;90;13.724128;-0.089408
91;Phase 1;91;13.63472;-0.044704
92;Phase 1;92;13.590016;-0.044704
93;Phase 1;93;13.545312;0.044704
94;Phase 1;94;13.590016;0.178816
95;Phase 1;95;13.768832;-0.178816
96;Phase 1;96;13.590016;-0.22352
97;Phase 1;97;13.366496;-0.178816
98;Phase 1;98;13.18768;0.134112
99;Phase 1;99;13.321792;0.22352
100;Phase 1;100;13.545312;0.178816
101;Phase 1;101;13.724128;0.089408
102;Phase 1;102;13.813536;0.044704
103;Phase 1;103;13.85824;-0.044704
104;Phase 1;104;13.813536;-0.22352
105;Phase 1;105;13.590016;-0.268224
106;Phase 1;106;13.321792;0.044704
107;Phase 1;107;13.366496;0.134112
108;Phase 1;108;13.500608;0.22352
109;Phase 1;109;13.724128;0.22352
110;Phase 1;110;13.947648;0.268224
111;Phase 1;111;14.215872;0.178816
112;Phase 1;112;14.394688;0.089408
113;Phase 1;113;14.484096;-0.089408
114;Phase 1;114;14.394688;-0.22352
115;Phase 1;115;14.171168;-1.385824
116;Phase 1;116;12.785344;-1.475232
117;Phase 1;117;11.310112;-1.475232
118;Phase 1;118;9.83488;-1.475232
119;Phase 1;119;8.359648;-1.475232
120;Phase 1;120;6.884416;-1.475232
121;Phase 1;121;5.409184;-1.475232
122;Phase 1;122;3.933952;-1.475232
123;Phase 1;123;2.45872;-1.475232
124;Phase 1;124;0.983488;-0.983488
125;Phase 1;125;0;0
126;Phase 1;126;0;0
127;Phase 1;127;0;0
128;Phase 1;128;0;0
129;Phase 1;129;0;0
130;Phase 1;130;0;0
131;Phase 1;131;0;0
132;Phase 1;132;0;0
133;Phase 1;133;0;0
134;Phase 1;134;0;0
135;Phase 1;135;0;0
136;Phase 1;136;0;0
137;Phase 1;137;0;0
138;Phase 1;138;0;0
139;Phase 1;139;0;0
140;Phase 1;140;0;0
141;Phase 1;141;0;0
142;Phase 1;142;0;0
143;Phase 1;143;0;0
144;Phase 1;144;0;0
145;Phase 1;145;0;0
146;Phase 1;146;0;0
147;Phase 1;147;0;0
148;Phase 1;148;0;0
149;Phase 1;149;0;0
150;Phase 1;150;0;0
151;Phase 1;151;0;0
152;Phase 1;152;0;0
153;Phase 1;153;0;0
154;Phase 1;154;0;0
155;Phase 1;155;0;0
156;Phase 1;156;0;0
157;Phase 1;157;0;0
158;Phase 1;158;0;0
159;Phase 1;159;0;0
160;Phase 1;160;0;0
161;Phase 1;161;0;0
162;Phase 1;162;0;0
163;Phase 1;163;0;1.475232
164;Phase 1;164;1.475232;1.475232
165;Phase 1;165;2.950464;1.475232
166;Phase 1;166;4.425696;1.475232
167;Phase 1;167;5.900928;1.475232
168;Phase 1;168;7.37616;1.475232
169;Phase 1;169;8.851392;1.072896
170;Phase 1;170;9.924288;0.938784
171;Phase 1;171;10.863072;0.67056
172;Phase 1;172;11.533632;0.268224
173;Phase 1;173;11.801856;-0.312928
174;Phase 1;174;11.488928;-0.268224
175;Phase 1;175;11.220704;-0.178816
176;Phase 1;176;11.041888;0.134112
177;Phase 1;177;11.176;0.089408
178;Phase 1;178;11.265408;0.089408
179;Phase 1;179;11.354816;0.178816
180;Phase 1;180;11.533632;0.625856
181;Phase 1;181;12.159488;-0.312928
182;Phase 1;182;11.84656;-1.1176
183;Phase 1;183;10.72896;-0.581152
184;Phase 1;184;10.147808;-1.475232
185;Phase 1;185;8.672576;-0.759968
186;Phase 1;186;7.912608;-0.22352
187;Phase 1;187;7.689088;0.402336
188;Phase 1;188;8.091424;0.22352
189;Phase 1;189;8.314944;0.625856
190;Phase 1;190;8.9408;0.983488
191;Phase 1;191;9.924288;1.028192
192;Phase 1;192;10.95248;1.251712
193;Phase 1;193;12.204192;1.430528
194;Phase 1;194;13.63472;1.34112
195;Phase 1;195;14.97584;1.207008
196;Phase 1;196;16.182848;0.491744
197;Phase 1;197;16.674592;0.89408
198;Phase 1;198;17.568672;0.536448
199;Phase 1;199;18.10512;0.715264
200;Phase 1;200;18.820384;0.625856
201;Phase 1;201;19.44624;0.715264
202;Phase 1;202;20.161504;0.402336
203;Phase 1;203;20.56384;0.357632
204;Phase 1;204;20.921472;0.312928
205;Phase 1;205;21.2344;0
206;Phase 1;206;21.2344;-0.089408
207;Phase 1;207;21.144992;-0.044704
208;Phase 1;208;21.100288;-0.089408
209;Phase 1;209;21.01088;0
210;Phase 1;210;21.01088;0
211;Phase 1;211;21.01088;0
212;Phase 1;212;21.01088;0
213;Phase 1;213;21.01088;0.089408
214;Phase 1;214;21.100288;0.089408
215;Phase 1;215;21.189696;0.22352
216;Phase 1;216;21.413216;0.268224
217;Phase 1;217;21.68144;0.268224
218;Phase 1;218;21.949664;0.178816
219;Phase 1;219;22.12848;0.22352
220;Phase 1;220;22.352;0.268224
221;Phase 1;221;22.620224;0.178816
222;Phase 1;222;22.79904;0.22352
223;Phase 1;223;23.02256;0.312928
224;Phase 1;224;23.335488;0.44704
225;Phase 1;225;23.782528;0.402336
226;Phase 1;226;24.184864;0.22352
227;Phase 1;227;24.408384;0.134112
228;Phase 1;228;24.542496;0.044704
229;Phase 1;229;24.5872;-0.044704
230;Phase 1;230;24.542496;-0.134112
231;Phase 1;231;24.408384;0
232;Phase 1;232;24.408384;0.089408
233;Phase 1;233;24.497792;0.134112
234;Phase 1;234;24.631904;0.178816
235;Phase 1;235;24.81072;0.089408
236;Phase 1;236;24.900128;0.178816
237;Phase 1;237;25.078944;0.089408
238;Phase 1;238;25.168352;0.134112
239;Phase 1;239;25.302464;0.044704
240;Phase 1;240;25.347168;0
241;Phase 1;241;25.347168;-0.089408
242;Phase 1;242;25.25776;0
243;Phase 1;243;25.25776;0
244;Phase 1;244;25.25776;0
245;Phase 1;245;25.25776;0
246;Phase 1;246;25.25776;0
247;Phase 1;247;25.25776;-0.044704
248;Phase 1;248;25.213056;-0.134112
249;Phase 1;249;25.078944;-0.134112
250;Phase 1;250;24.944832;-0.312928
251;Phase 1;251;24.631904;-0.22352
252;Phase 1;252;24.408384;-0.178816
253;Phase 1;253;24.229568;-0.089408
254;Phase 1;254;24.14016;-0.134112
255;Phase 1;255;24.006048;-0.044704
256;Phase 1;256;23.961344;0.134112
257;Phase 1;257;24.095456;0.044704
258;Phase 1;258;24.14016;0.044704
259;Phase 1;259;24.184864;0
260;Phase 1;260;24.184864;-0.134112
261;Phase 1;261;24.050752;-0.178816
262;Phase 1;262;23.871936;-0.178816
263;Phase 1;263;23.69312;-0.178816
264;Phase 1;264;23.514304;-0.22352
265;Phase 1;265;23.290784;0.134112
266;Phase 1;266;23.424896;-0.178816
267;Phase 1;267;23.24608;-0.044704
268;Phase 1;268;23.201376;-0.089408
269;Phase 1;269;23.111968;-0.089408
270;Phase 1;270;23.02256;0.044704
271;Phase 1;271;23.067264;0.089408
272;Phase 1;272;23.156672;0.134112
273;Phase 1;273;23.290784;0.178816
274;Phase 1;274;23.4696;0.22352
275;Phase 1;275;23.69312;0.22352
276;Phase 1;276;23.91664;0.22352
277;Phase 1;277;24.14016;0.402336
278;Phase 1;278;24.542496;0.22352
279;Phase 1;279;24.766016;0.089408
280;Phase 1;280;24.855424;0.178816
281;Phase 1;281;25.03424;0
282;Phase 1;282;25.03424;-0.089408
283;Phase 1;283;24.944832;-0.268224
284;Phase 1;284;24.676608;-0.312928
285;Phase 1;285;24.36368;-0.402336
286;Phase 1;286;23.961344;-0.491744
287;Phase 1;287;23.4696;-0.44704
288;Phase 1;288;23.02256;0
289;Phase 1;289;23.02256;0
290;Phase 1;290;23.02256;-0.178816
291;Phase 1;291;22.843744;-0.44704
292;Phase 1;292;22.396704;-0.044704
293;Phase 1;293;22.352;0.044704
294;Phase 1;294;22.396704;-0.044704
295;Phase 1;295;22.352;-0.178816
296;Phase 1;296;22.173184;-0.044704
297;Phase 1;297;22.12848;0
298;Phase 1;298;22.12848;0
299;Phase 1;299;22.12848;-0.178816
300;Phase 1;300;21.949664;-0.22352
301;Phase 1;301;21.726144;-0.22352
302;Phase 1;302;21.502624;-0.402336
303;Phase 1;303;21.100288;-0.491744
304;Phase 1;304;20.608544;-0.491744
305;Phase 1;305;20.1168;-0.536448
306;Phase 1;306;19.580352;-0.536448
307;Phase 1;307;19.043904;-0.491744
308;Phase 1;308;18.55216;-0.536448
309;Phase 1;309;18.015712;-0.804672
310;Phase 1;310;17.21104;-0.67056
311;Phase 1;311;16.54048;-0.804672
312;Phase 1;312;15.735808;-0.625856
313;Phase 1;313;15.109952;-0.581152
314;Phase 1;314;14.5288;-0.44704
315;Phase 1;315;14.08176;-0.402336
316;Phase 1;316;13.679424;-0.044704
317;Phase 1;317;13.63472;-0.22352
318;Phase 1;318;13.4112;-0.44704
319;Phase 1;319;12.96416;-0.67056
320;Phase 1;320;12.2936;-1.207008
321;Phase 1;321;11.086592;-1.475232
322;Phase 1;322;9.61136;-0.625856
323;Phase 1;323;8.985504;-0.44704
324;Phase 1;324;8.538464;-0.268224
325;Phase 1;325;8.27024;-0.67056
326;Phase 1;326;7.59968;-0.67056
327;Phase 1;327;6.92912;-1.34112
328;Phase 1;328;5.588;-0.759968
329;Phase 1;329;4.828032;-1.251712
330;Phase 1;330;3.57632;-1.475232
331;Phase 1;331;2.101088;-1.475232
332;Phase 1;332;0.625856;-0.625856
333;Phase 1;333;0;0
334;Phase 1;334;0;0
335;Phase 1;335;0;0
336;Phase 1;336;0;0
337;Phase 1;337;0;0
338;Phase 1;338;0;0
339;Phase 1;339;0;0
340;Phase 1;340;0;0
341;Phase 1;341;0;0
342;Phase 1;342;0;0
343;Phase 1;343;0;0
344;Phase 1;344;0;0
345;Phase 1;345;0;0
346;Phase 1;346;0;0.44704
347;Phase 1;347;0.44704;1.475232
348;Phase 1;348;1.922272;1.475232
349;Phase 1;349;3.397504;1.475232
350;Phase 1;350;4.872736;1.475232
351;Phase 1;351;6.347968;1.385824
352;Phase 1;352;7.733792;1.207008
353;Phase 1;353;8.9408;1.1176
354;Phase 1;354;10.0584;0.536448
355;Phase 1;355;10.594848;0.67056
356;Phase 1;356;11.265408;0.625856
357;Phase 1;357;11.891264;0.67056
358;Phase 1;358;12.561824;0.849376
359;Phase 1;359;13.4112;0.357632
360;Phase 1;360;13.768832;0.357632
361;Phase 1;361;14.126464;0.22352
362;Phase 1;362;14.349984;0.312928
363;Phase 1;363;14.662912;0.357632
364;Phase 1;364;15.020544;0.402336
365;Phase 1;365;15.42288;0.044704
366;Phase 1;366;15.467584;0.134112
367;Phase 1;367;15.601696;-0.044704
368;Phase 1;368;15.556992;-0.134112
369;Phase 1;369;15.42288;0.089408
370;Phase 1;370;15.512288;0.357632
371;Phase 1;371;15.86992;0.22352
372;Phase 1;372;16.09344;0
373;Phase 1;373;16.09344;0
374;Phase 1;374;16.09344;0
375;Phase 1;375;16.09344;0
376;Phase 1;376;16.09344;0
377;Phase 1;377;16.09344;0.044704
378;Phase 1;378;16.138144;0.134112
379;Phase 1;379;16.272256;0.044704
380;Phase 1;380;16.31696;-0.044704
381;Phase 1;381;16.272256;-0.178816
382;Phase 1;382;16.09344;-0.402336
383;Phase 1;383;15.691104;-0.44704
384;Phase 1;384;15.244064;-0.268224
385;Phase 1;385;14.97584;-0.938784
386;Phase 1;386;14.037056;-1.072896
387;Phase 1;387;12.96416;-1.475232
388;Phase 1;388;11.488928;-1.207008
389;Phase 1;389;10.28192;-1.207008
390;Phase 1;390;9.074912;-1.251712
391;Phase 1;391;7.8232;-1.34112
392;Phase 1;392;6.48208;-1.1176
393;Phase 1;393;5.36448;-1.475232
394;Phase 1;394;3.889248;-1.475232
395;Phase 1;395;2.414016;-1.475232
396;Phase 1;396;0.938784;-0.938784
397;Phase 1;397;0;0
398;Phase 1;398;0;0
399;Phase 1;399;0;0
400;Phase 1;400;0;0
401;Phase 1;401;0;0
402;Phase 1;402;0;1.162304
403;Phase 1;403;1.162304;1.475232
404;Phase 1;404;2.637536;1.475232
405;Phase 1;405;4.112768;1.475232
406;Phase 1;406;5.588;1.475232
407;Phase 1;407;7.063232;1.475232
408;Phase 1;408;8.538464;1.475232
409;Phase 1;409;10.013696;1.162304
410;Phase 1;410;11.176;0.268224
411;Phase 1;411;11.444224;0.849376
412;Phase 1;412;12.2936;0.67056
413;Phase 1;413;12.96416;0.44704
414;Phase 1;414;13.4112;0.044704
415;Phase 1;415;13.455904;-0.044704
416;Phase 1;416;13.4112;-0.134112
417;Phase 1;417;13.277088;-0.178816
418;Phase 1;418;13.098272;-0.22352
419;Phase 1;419;12.874752;-0.357632
420;Phase 1;420;12.51712;-1.34112
421;Phase 1;421;11.176;-1.475232
422;Phase 1;422;9.700768;-1.475232
423;Phase 1;423;8.225536;-1.475232
424;Phase 1;424;6.750304;-1.475232
425;Phase 1;425;5.275072;-1.475232
426;Phase 1;426;3.79984;-1.475232
427;Phase 1;427;2.324608;-1.475232
428;Phase 1;428;0.849376;-0.849376
429;Phase 1;429;0;0
430;Phase 1;430;0;0
431;Phase 1;431;0;0
432;Phase 1;432;0;0
433;Phase 1;433;0;0
434;Phase 1;434;0;0
435;Phase 1;435;0;0
436;Phase 1;436;0;0
437;Phase 1;437;0;0
438;Phase 1;438;0;0
439;Phase 1;439;0;0
440;Phase 1;440;0;0
441;Phase 1;441;0;0
442;Phase 1;442;0;0
443;Phase 1;443;0;0
444;Phase 1;444;0;0
445;Phase 1;445;0;0
446;Phase 1;446;0;0
447;Phase 1;447;0;1.475232
448;Phase 1;448;1.475232;1.475232
449;Phase 1;449;2.950464;1.475232
450;Phase 1;450;4.425696;1.475232
451;Phase 1;451;5.900928;1.475232
452;Phase 1;452;7.37616;1.475232
453;Phase 1;453;8.851392;1.475232
454;Phase 1;454;10.326624;1.475232
455;Phase 1;455;11.801856;0.625856
456;Phase 1;456;12.427712;0.581152
457;Phase 1;457;13.008864;1.072896
458;Phase 1;458;14.08176;0.67056
459;Phase 1;459;14.75232;0.268224
460;Phase 1;460;15.020544;0.536448
461;Phase 1;461;15.556992;0.134112
462;Phase 1;462;15.691104;0.22352
463;Phase 1;463;15.914624;0.22352
464;Phase 1;464;16.138144;-0.044704
465;Phase 1;465;16.09344;0.044704
466;Phase 1;466;16.138144;0.044704
467;Phase 1;467;16.182848;-0.089408
468;Phase 1;468;16.09344;-0.134112
469;Phase 1;469;15.959328;0.134112
470;Phase 1;470;16.09344;0
471;Phase 1;471;16.09344;-0.178816
472;Phase 1;472;15.914624;-0.044704
473;Phase 1;473;15.86992;-0.044704
474;Phase 1;474;15.825216;-0.089408
475;Phase 1;475;15.735808;0
476;Phase 1;476;15.735808;0
477;Phase 1;477;15.735808;0
478;Phase 1;478;15.735808;0
479;Phase 1;479;15.735808;0
480;Phase 1;480;15.735808;-0.089408
481;Phase 1;481;15.6464;0.044704
482;Phase 1;482;15.691104;0.044704
483;Phase 1;483;15.735808;0.134112
484;Phase 1;484;15.86992;-0.134112
485;Phase 1;485;15.735808;-0.089408
486;Phase 1;486;15.6464;0
487;Phase 1;487;15.6464;0
488;Phase 1;488;15.6464;-0.089408
489;Phase 1;489;15.556992;-0.089408
490;Phase 1;490;15.467584;-0.044704
491;Phase 1;491;15.42288;-0.44704
492;Phase 1;492;14.97584;-0.67056
493;Phase 1;493;14.30528;-0.849376
494;Phase 1;494;13.455904;-0.938784
495;Phase 1;495;12.51712;-1.1176
496;Phase 1;496;11.39952;-1.34112
497;Phase 1;497;10.0584;-1.207008
498;Phase 1;498;8.851392;-1.475232
499;Phase 1;499;7.37616;-1.475232
500;Phase 1;500;5.900928;-1.296416
501;Phase 1;501;4.604512;-1.385824
502;Phase 1;502;3.218688;-1.430528
503;Phase 1;503;1.78816;-1.34112
504;Phase 1;504;0.44704;-0.44704
505;Phase 1;505;0;0
506;Phase 2;1;0;0
507;Phase 2;2;0;0
508;Phase 2;3;0;0
509;Phase 2;4;0;0
510;Phase 2;5;0;0.536448
511;Phase 2;6;0.536448;1.028192
512;Phase 2;7;1.56464;0.89408
513;Phase 2;8;2.45872;0.44704
514;Phase 2;9;2.90576;0.89408
515;Phase 2;10;3.79984;0.491744
516;Phase 2;11;4.291584;0.402336
517;Phase 2;12;4.69392;0.625856
518;Phase 2;13;5.319776;0.938784
519;Phase 2;14;6.25856;0.89408
520;Phase 2;15;7.15264;0.759968
521;Phase 2;16;7.912608;0.581152
522;Phase 2;17;8.49376;0.491744
523;Phase 2;18;8.985504;0.402336
524;Phase 2;19;9.38784;0.44704
525;Phase 2;20;9.83488;0.44704
526;Phase 2;21;10.28192;0.357632
527;Phase 2;22;10.639552;0.312928
528;Phase 2;23;10.95248;0.178816
529;Phase 2;24;11.131296;0.044704
530;Phase 2;25;11.176;0
531;Phase 2;26;11.176;0
532;Phase 2;27;11.176;0
533;Phase 2;28;11.176;0
534;Phase 2;29;11.176;0
535;Phase 2;30;11.176;0.268224
536;Phase 2;31;11.444224;0.089408
537;Phase 2;32;11.533632;0.089408
538;Phase 2;33;11.62304;-0.178816
539;Phase 2;34;11.444224;-0.178816
540;Phase 2;35;11.265408;-0.089408
541;Phase 2;36;11.176;0
542;Phase 2;37;11.176;0
543;Phase 2;38;11.176;-0.268224
544;Phase 2;39;10.907776;-0.581152
545;Phase 2;40;10.326624;-1.475232
546;Phase 2;41;8.851392;-1.475232
547;Phase 2;42;7.37616;-1.475232
548;Phase 2;43;5.900928;-1.475232
549;Phase 2;44;4.425696;-1.475232
550;Phase 2;45;2.950464;-1.475232
551;Phase 2;46;1.475232;-1.475232
552;Phase 2;47;0;0
553;Phase 2;48;0;0
554;Phase 2;49;0;0
555;Phase 2;50;0;0
556;Phase 2;51;0;0
557;Phase 2;52;0;0
558;Phase 2;53;0;0
559;Phase 2;54;0;0
560;Phase 2;55;0;0
561;Phase 2;56;0;0
562;Phase 2;57;0;0
563;Phase 2;58;0;0
564;Phase 2;59;0;0
565;Phase 2;60;0;0
566;Phase 2;61;0;0
567;Phase 2;62;0;0
568;Phase 2;63;0;1.475232
569;Phase 2;64;1.475232;1.475232
570;Phase 2;65;2.950464;1.475232
571;Phase 2;66;4.425696;1.385824
572;Phase 2;67;5.81152;0.715264
573;Phase 2;68;6.526784;0.625856
574;Phase 2;69;7.15264;0.44704
575;Phase 2;70;7.59968;0
576;Phase 2;71;7.59968;0
577;Phase 2;72;7.59968;0.22352
578;Phase 2;73;7.8232;0.089408
579;Phase 2;74;7.912608;0
580;Phase 2;75;7.912608;-0.089408
581;Phase 2;76;7.8232;-0.22352
582;Phase 2;77;7.59968;-0.044704
583;Phase 2;78;7.554976;-0.134112
584;Phase 2;79;7.420864;0.178816
585;Phase 2;80;7.59968;0.044704
586;Phase 2;81;7.644384;-0.044704
587;Phase 2;82;7.59968;-0.178816
588;Phase 2;83;7.420864;-0.044704
589;Phase 2;84;7.37616;0
590;Phase 2;85;7.37616;0.044704
591;Phase 2;86;7.420864;0.178816
592;Phase 2;87;7.59968;0.268224
593;Phase 2;88;7.867904;0.402336
594;Phase 2;89;8.27024;0.312928
595;Phase 2;90;8.583168;0.44704
596;Phase 2;91;9.030208;0.357632
597;Phase 2;92;9.38784;0.044704
598;Phase 2;93;9.432544;0.044704
599;Phase 2;94;9.477248;0.178816
600;Phase 2;95;9.656064;0.178816
601;Phase 2;96;9.83488;0.178816
602;Phase 2;97;10.013696;0.044704
603;Phase 2;98;10.0584;0
604;Phase 2;99;10.0584;0
605;Phase 2;100;10.0584;0.089408
606;Phase 2;101;10.147808;0.44704
607;Phase 2;102;10.594848;0.625856
608;Phase 2;103;11.220704;0.402336
609;Phase 2;104;11.62304;0.22352
610;Phase 2;105;11.84656;0.22352
611;Phase 2;106;12.07008;-0.402336
612;Phase 2;107;11.667744;-1.475232
613;Phase 2;108;10.192512;-1.475232
614;Phase 2;109;8.71728;-1.475232
615;Phase 2;110;7.242048;-1.475232
616;Phase 2;111;5.766816;-1.475232
617;Phase 2;112;4.291584;-1.475232
618;Phase 2;113;2.816352;-1.475232
619;Phase 2;114;1.34112;-1.34112
620;Phase 2;115;0;0
621;Phase 2;116;0;0
622;Phase 2;117;0;0
623;Phase 2;118;0;0
624;Phase 2;119;0;0
625;Phase 2;120;0;0
626;Phase 2;121;0;0
627;Phase 2;122;0;0
628;Phase 2;123;0;0
629;Phase 2;124;0;0
630;Phase 2;125;0;0
631;Phase 2;126;0;0
632;Phase 2;127;0;0
633;Phase 2;128;0;0
634;Phase 2;129;0;0
635;Phase 2;130;0;0
636;Phase 2;131;0;0
637;Phase 2;132;0;0
638;Phase 2;133;0;0
639;Phase 2;134;0;0
640;Phase 2;135;0;0
641;Phase 2;136;0;0
642;Phase 2;137;0;0
643;Phase 2;138;0;0
644;Phase 2;139;0;0
645;Phase 2;140;0;0.89408
646;Phase 2;141;0.89408;1.1176
647;Phase 2;142;2.01168;1.475232
648;Phase 2;143;3.486912;1.072896
649;Phase 2;144;4.559808;1.028192
650;Phase 2;145;5.588;0.67056
651;Phase 2;146;6.25856;0.581152
652;Phase 2;147;6.839712;0.983488
653;Phase 2;148;7.8232;0.938784
654;Phase 2;149;8.761984;0.625856
655;Phase 2;150;9.38784;0.536448
656;Phase 2;151;9.924288;0.491744
657;Phase 2;152;10.416032;0.536448
658;Phase 2;153;10.95248;0.357632
659;Phase 2;154;11.310112;0.134112
660;Phase 2;155;11.444224;0.178816
661;Phase 2;156;11.62304;0.044704
662;Phase 2;157;11.667744;0.044704
663;Phase 2;158;11.712448;0
664;Phase 2;159;11.712448;0.089408
665;Phase 2;160;11.801856;0.044704
666;Phase 2;161;11.84656;0
667;Phase 2;162;11.84656;-0.22352
668;Phase 2;163;11.62304;-0.22352
669;Phase 2;164;11.39952;-0.849376
670;Phase 2;165;10.550144;-0.983488
671;Phase 2;166;9.566656;-1.296416
672;Phase 2;167;8.27024;-0.938784
673;Phase 2;168;7.331456;-0.849376
674;Phase 2;169;6.48208;-1.296416
675;Phase 2;170;5.185664;-1.296416
676;Phase 2;171;3.889248;-1.296416
677;Phase 2;172;2.592832;-1.028192
678;Phase 2;173;1.56464;-0.67056
679;Phase 2;174;0.89408;-0.89408
680;Phase 2;175;0;0
681;Phase 2;176;0;0
682;Phase 2;177;0;0
683;Phase 2;178;0;0
684;Phase 2;179;0;0
685;Phase 2;180;0;0
686;Phase 2;181;0;0
687;Phase 2;182;0;0
688;Phase 2;183;0;0
689;Phase 2;184;0;0
690;Phase 2;185;0;0
691;Phase 2;186;0;0
692;Phase 2;187;0;0
693;Phase 2;188;0;0.625856
694;Phase 2;189;0.625856;0.849376
695;Phase 2;190;1.475232;0.491744
696;Phase 2;191;1.966976;0.938784
697;Phase 2;192;2.90576;1.207008
698;Phase 2;193;4.112768;0.938784
699;Phase 2;194;5.051552;0.983488
700;Phase 2;195;6.03504;0.491744
701;Phase 2;196;6.526784;0.804672
702;Phase 2;197;7.331456;0.134112
703;Phase 2;198;7.465568;-0.089408
704;Phase 2;199;7.37616;0
705;Phase 2;200;7.37616;0.759968
706;Phase 2;201;8.136128;0.44704
707;Phase 2;202;8.583168;0.402336
708;Phase 2;203;8.985504;0.625856
709;Phase 2;204;9.61136;0.44704
710;Phase 2;205;10.0584;0
711;Phase 2;206;10.0584;-0.178816
712;Phase 2;207;9.879584;0.268224
713;Phase 2;208;10.147808;0.268224
714;Phase 2;209;10.416032;0.089408
715;Phase 2;210;10.50544;-0.44704
716;Phase 2;211;10.0584;-0.402336
717;Phase 2;212;9.656064;-0.491744
718;Phase 2;213;9.16432;-1.1176
719;Phase 2;214;8.04672;-1.34112
720;Phase 2;215;6.7056;-1.34112
721;Phase 2;216;5.36448;-1.34112
722;Phase 2;217;4.02336;-1.251712
723;Phase 2;218;2.771648;-0.759968
724;Phase 2;219;2.01168;-0.67056
725;Phase 2;220;1.34112;-0.402336
726;Phase 2;221;0.938784;-0.715264
727;Phase 2;222;0.22352;0
728;Phase 2;223;0.22352;1.207008
729;Phase 2;224;1.430528;1.475232
730;Phase 2;225;2.90576;1.385824
731;Phase 2;226;4.291584;1.296416
732;Phase 2;227;5.588;0.67056
733;Phase 2;228;6.25856;0.89408
734;Phase 2;229;7.15264;0.89408
735;Phase 2;230;8.04672;0.715264
736;Phase 2;231;8.761984;0.849376
737;Phase 2;232;9.61136;0.715264
738;Phase 2;233;10.326624;0.625856
739;Phase 2;234;10.95248;0.44704
740;Phase 2;235;11.39952;0.44704
741;Phase 2;236;11.84656;0.268224
742;Phase 2;237;12.114784;0.22352
743;Phase 2;238;12.338304;0.134112
744;Phase 2;239;12.472416;0.178816
745;Phase 2;240;12.651232;0.134112
746;Phase 2;241;12.785344;0
747;Phase 2;242;12.785344;-0.134112
748;Phase 2;243;12.651232;-0.044704
749;Phase 2;244;12.606528;-0.089408
750;Phase 2;245;12.51712;-0.22352
751;Phase 2;246;12.2936;-0.312928
752;Phase 2;247;11.980672;-0.581152
753;Phase 2;248;11.39952;-0.89408
754;Phase 2;249;10.50544;-0.89408
755;Phase 2;250;9.61136;-1.1176
756;Phase 2;251;8.49376;-1.1176
757;Phase 2;252;7.37616;-0.715264
758;Phase 2;253;6.660896;-1.072896
759;Phase 2;254;5.588;-1.385824
760;Phase 2;255;4.202176;-1.430528
761;Phase 2;256;2.771648;-1.430528
762;Phase 2;257;1.34112;-0.67056
763;Phase 2;258;0.67056;0
764;Phase 2;259;0.67056;-0.44704
765;Phase 2;260;0.22352;-0.22352
766;Phase 2;261;0;1.34112
767;Phase 2;262;1.34112;1.475232
768;Phase 2;263;2.816352;1.475232
769;Phase 2;264;4.291584;1.475232
770;Phase 2;265;5.766816;1.296416
771;Phase 2;266;7.063232;0.759968
772;Phase 2;267;7.8232;0.402336
773;Phase 2;268;8.225536;0.491744
774;Phase 2;269;8.71728;0.536448
775;Phase 2;270;9.253728;0.581152
776;Phase 2;271;9.83488;0.536448
777;Phase 2;272;10.371328;0.804672
778;Phase 2;273;11.176;0.67056
779;Phase 2;274;11.84656;0.44704
780;Phase 2;275;12.2936;0.22352
781;Phase 2;276;12.51712;0.134112
782;Phase 2;277;12.651232;0.268224
783;Phase 2;278;12.919456;0
784;Phase 2;279;12.919456;0
785;Phase 2;280;12.919456;-0.044704
786;Phase 2;281;12.874752;-0.134112
787;Phase 2;282;12.74064;-0.089408
788;Phase 2;283;12.651232;0
789;Phase 2;284;12.651232;0
790;Phase 2;285;12.651232;-0.044704
791;Phase 2;286;12.606528;-0.268224
792;Phase 2;287;12.338304;-0.044704
793;Phase 2;288;12.2936;0
794;Phase 2;289;12.2936;0
795;Phase 2;290;12.2936;0
796;Phase 2;291;12.2936;0
797;Phase 2;292;12.2936;0
798;Phase 2;293;12.2936;0.044704
799;Phase 2;294;12.338304;0.178816
800;Phase 2;295;12.51712;0.22352
801;Phase 2;296;12.74064;0.67056
802;Phase 2;297;13.4112;0.44704
803;Phase 2;298;13.85824;0.44704
804;Phase 2;299;14.30528;0.44704
805;Phase 2;300;14.75232;0
806;Phase 2;301;14.75232;0.268224
807;Phase 2;302;15.020544;0.178816
808;Phase 2;303;15.19936;0.134112
809;Phase 2;304;15.333472;-0.044704
810;Phase 2;305;15.288768;-0.089408
811;Phase 2;306;15.19936;0
812;Phase 2;307;15.19936;-0.044704
813;Phase 2;308;15.154656;-0.134112
814;Phase 2;309;15.020544;-0.22352
815;Phase 2;310;14.797024;-0.044704
816;Phase 2;311;14.75232;-0.22352
817;Phase 2;312;14.5288;-0.22352
818;Phase 2;313;14.30528;-0.044704
819;Phase 2;314;14.260576;-0.134112
820;Phase 2;315;14.126464;-0.044704
821;Phase 2;316;14.08176;-0.402336
822;Phase 2;317;13.679424;-0.268224
823;Phase 2;318;13.4112;-0.044704
824;Phase 2;319;13.366496;0
825;Phase 2;320;13.366496;0
826;Phase 2;321;13.366496;0
827;Phase 2;322;13.366496;-0.134112
828;Phase 2;323;13.232384;-0.044704
829;Phase 2;324;13.18768;0
830;Phase 2;325;13.18768;-0.089408
831;Phase 2;326;13.098272;-0.178816
832;Phase 2;327;12.919456;-0.312928
833;Phase 2;328;12.606528;-0.22352
834;Phase 2;329;12.383008;-0.312928
835;Phase 2;330;12.07008;-0.67056
836;Phase 2;331;11.39952;-0.804672
837;Phase 2;332;10.594848;-0.759968
838;Phase 2;333;9.83488;-0.67056
839;Phase 2;334;9.16432;-0.581152
840;Phase 2;335;8.583168;0
841;Phase 2;336;8.583168;0.402336
842;Phase 2;337;8.985504;0.357632
843;Phase 2;338;9.343136;0.22352
844;Phase 2;339;9.566656;0.268224
845;Phase 2;340;9.83488;0.268224
846;Phase 2;341;10.103104;0.268224
847;Phase 2;342;10.371328;0.357632
848;Phase 2;343;10.72896;0.44704
849;Phase 2;344;11.176;0.44704
850;Phase 2;345;11.62304;0.268224
851;Phase 2;346;11.891264;0
852;Phase 2;347;11.891264;0.089408
853;Phase 2;348;11.980672;0.089408
854;Phase 2;349;12.07008;0.089408
855;Phase 2;350;12.159488;0.268224
856;Phase 2;351;12.427712;0.134112
857;Phase 2;352;12.561824;0.312928
858;Phase 2;353;12.874752;0.044704
859;Phase 2;354;12.919456;0.044704
860;Phase 2;355;12.96416;0.044704
861;Phase 2;356;13.008864;-0.044704
862;Phase 2;357;12.96416;-0.402336
863;Phase 2;358;12.561824;-0.268224
864;Phase 2;359;12.2936;-0.22352
865;Phase 2;360;12.07008;-0.536448
866;Phase 2;361;11.533632;-0.357632
867;Phase 2;362;11.176;-0.22352
868;Phase 2;363;10.95248;0.134112
869;Phase 2;364;11.086592;0.134112
870;Phase 2;365;11.220704;0.178816
871;Phase 2;366;11.39952;0.089408
872;Phase 2;367;11.488928;0.22352
873;Phase 2;368;11.712448;0.312928
874;Phase 2;369;12.025376;0.268224
875;Phase 2;370;12.2936;0.134112
876;Phase 2;371;12.427712;0.268224
877;Phase 2;372;12.695936;0.268224
878;Phase 2;373;12.96416;0.089408
879;Phase 2;374;13.053568;-0.044704
880;Phase 2;375;13.008864;-0.044704
881;Phase 2;376;12.96416;-0.044704
882;Phase 2;377;12.919456;-0.178816
883;Phase 2;378;12.74064;-0.178816
884;Phase 2;379;12.561824;-0.044704
885;Phase 2;380;12.51712;0
886;Phase 2;381;12.51712;-0.178816
887;Phase 2;382;12.338304;-0.178816
888;Phase 2;383;12.159488;-0.268224
889;Phase 2;384;11.891264;0.178816
890;Phase 2;385;12.07008;0.22352
891;Phase 2;386;12.2936;0.134112
892;Phase 2;387;12.427712;0.089408
893;Phase 2;388;12.51712;-0.089408
894;Phase 2;389;12.427712;0.089408
895;Phase 2;390;12.51712;0
896;Phase 2;391;12.51712;0
897;Phase 2;392;12.51712;-0.134112
898;Phase 2;393;12.383008;-0.134112
899;Phase 2;394;12.248896;-0.22352
900;Phase 2;395;12.025376;-0.134112
901;Phase 2;396;11.891264;-0.044704
902;Phase 2;397;11.84656;0
903;Phase 2;398;11.84656;0
904;Phase 2;399;11.84656;-0.089408
905;Phase 2;400;11.757152;-0.044704
906;Phase 2;401;11.712448;0
907;Phase 2;402;11.712448;-0.134112
908;Phase 2;403;11.578336;-0.134112
909;Phase 2;404;11.444224;0
910;Phase 2;405;11.444224;0.134112
911;Phase 2;406;11.578336;-0.044704
912;Phase 2;407;11.533632;-0.134112
913;Phase 2;408;11.39952;-0.402336
914;Phase 2;409;10.997184;-0.491744
915;Phase 2;410;10.50544;-0.581152
916;Phase 2;411;9.924288;-0.268224
917;Phase 2;412;9.656064;0
918;Phase 2;413;9.656064;0.044704
919;Phase 2;414;9.700768;0.402336
920;Phase 2;415;10.103104;0.357632
921;Phase 2;416;10.460736;0.268224
922;Phase 2;417;10.72896;0.089408
923;Phase 2;418;10.818368;0.089408
924;Phase 2;419;10.907776;0.22352
925;Phase 2;420;11.131296;0.089408
926;Phase 2;421;11.220704;0.044704
927;Phase 2;422;11.265408;0.044704
928;Phase 2;423;11.310112;0.089408
929;Phase 2;424;11.39952;-0.134112
930;Phase 2;425;11.265408;-0.089408
931;Phase 2;426;11.176;0
932;Phase 2;427;11.176;0
933;Phase 2;428;11.176;-0.134112
934;Phase 2;429;11.041888;-0.089408
935;Phase 2;430;10.95248;-0.089408
936;Phase 2;431;10.863072;0
937;Phase 2;432;10.863072;0.089408
938;Phase 2;433;10.95248;0.22352
939;Phase 2;434;11.176;0
940;Phase 2;435;11.176;-0.178816
941;Phase 2;436;10.997184;0
942;Phase 2;437;10.997184;-0.22352
943;Phase 2;438;10.773664;0.178816
944;Phase 2;439;10.95248;0.268224
945;Phase 2;440;11.220704;0.22352
946;Phase 2;441;11.444224;-0.22352
947;Phase 2;442;11.220704;-0.491744
948;Phase 2;443;10.72896;-0.89408
949;Phase 2;444;9.83488;-0.849376
950;Phase 2;445;8.985504;-1.430528
951;Phase 2;446;7.554976;-1.475232
952;Phase 2;447;6.079744;-1.475232
953;Phase 2;448;4.604512;-1.475232
954;Phase 2;449;3.12928;-1.475232
955;Phase 2;450;1.654048;-1.475232
956;Phase 2;451;0.178816;-0.178816
957;Phase 2;452;0;0
958;Phase 2;453;0;0
959;Phase 2;454;0;0.89408
960;Phase 2;455;0.89408;1.475232
961;Phase 2;456;2.369312;1.475232
962;Phase 2;457;3.844544;1.475232
963;Phase 2;458;5.319776;1.475232
964;Phase 2;459;6.795008;1.028192
965;Phase 2;460;7.8232;0.491744
966;Phase 2;461;8.314944;0.625856
967;Phase 2;462;8.9408;0.491744
968;Phase 2;463;9.432544;0.402336
969;Phase 2;464;9.83488;0.44704
970;Phase 2;465;10.28192;0.67056
971;Phase 2;466;10.95248;0.804672
972;Phase 2;467;11.757152;0.536448
973;Phase 2;468;12.2936;0.268224
974;Phase 2;469;12.561824;0.134112
975;Phase 2;470;12.695936;0.044704
976;Phase 2;471;12.74064;0
977;Phase 2;472;12.74064;0
978;Phase 2;473;12.74064;-0.357632
979;Phase 2;474;12.383008;-0.089408
980;Phase 2;475;12.2936;-0.134112
981;Phase 2;476;12.159488;-0.178816
982;Phase 2;477;11.980672;-0.134112
983;Phase 2;478;11.84656;-0.22352
984;Phase 2;479;11.62304;-0.134112
985;Phase 2;480;11.488928;-0.22352
986;Phase 2;481;11.265408;-0.536448
987;Phase 2;482;10.72896;-0.89408
988;Phase 2;483;9.83488;-0.22352
989;Phase 2;484;9.61136;0
990;Phase 2;485;9.61136;0.134112
991;Phase 2;486;9.745472;0.312928
992;Phase 2;487;10.0584;0.22352
993;Phase 2;488;10.28192;-0.089408
994;Phase 2;489;10.192512;0
995;Phase 2;490;10.192512;0.089408
996;Phase 2;491;10.28192;-0.134112
997;Phase 2;492;10.147808;0
998;Phase 2;493;10.147808;0
999;Phase 2;494;10.147808;0.357632
1000;Phase 2;495;10.50544;0.22352
1001;Phase 2;496;10.72896;0.268224
1002;Phase 2;497;10.997184;0.089408
1003;Phase 2;498;11.086592;0.134112
1004;Phase 2;499;11.220704;0.178816
1005;Phase 2;500;11.39952;0.044704
1006;Phase 2;501;11.444224;-0.044704
1007;Phase 2;502;11.39952;-0.22352
1008;Phase 2;503;11.176;-0.402336
1009;Phase 2;504;10.773664;-0.178816
1010;Phase 2;505;10.594848;-0.22352
1011;Phase 2;506;10.371328;-0.134112
1012;Phase 2;507;10.237216;-0.178816
1013;Phase 2;508;10.0584;-0.22352
1014;Phase 2;509;9.83488;-0.178816
1015;Phase 2;510;9.656064;-0.491744
1016;Phase 2;511;9.16432;-1.34112
1017;Phase 2;512;7.8232;-1.475232
1018;Phase 2;513;6.347968;-1.475232
1019;Phase 2;514;4.872736;-1.475232
1020;Phase 2;515;3.397504;-1.475232
1021;Phase 2;516;1.922272;-1.475232
1022;Phase 2;517;0.44704;-0.44704
1023;Phase 2;518;0;0
1024;Phase 2;519;0;0
1025;Phase 2;520;0;0
1026;Phase 2;521;0;0
1027;Phase 2;522;0;0
1028;Phase 2;523;0;0
1029;Phase 2;524;0;0
1030;Phase 2;525;0;0
1031;Phase 2;526;0;0
1032;Phase 2;527;0;0
1033;Phase 2;528;0;0
1034;Phase 2;529;0;0
1035;Phase 2;530;0;0
1036;Phase 2;531;0;0
1037;Phase 2;532;0;0
1038;Phase 2;533;0;0
1039;Phase 2;534;0;0
1040;Phase 2;535;0;0
1041;Phase 2;536;0;0
1042;Phase 2;537;0;0
1043;Phase 2;538;0;0
1044;Phase 2;539;0;0
1045;Phase 2;540;0;0
1046;Phase 2;541;0;0
1047;Phase 2;542;0;0
1048;Phase 2;543;0;0
1049;Phase 2;544;0;0
1050;Phase 2;545;0;0
1051;Phase 2;546;0;0
1052;Phase 2;547;0;0.536448
1053;Phase 2;548;0.536448;1.251712
1054;Phase 2;549;1.78816;1.475232
1055;Phase 2;550;3.263392;1.475232
1056;Phase 2;551;4.738624;1.475232
1057;Phase 2;552;6.213856;1.385824
1058;Phase 2;553;7.59968;0.67056
1059;Phase 2;554;8.27024;0.67056
1060;Phase 2;555;8.9408;0.804672
1061;Phase 2;556;9.745472;0.536448
1062;Phase 2;557;10.28192;0.44704
1063;Phase 2;558;10.72896;0.357632
1064;Phase 2;559;11.086592;0.357632
1065;Phase 2;560;11.444224;0.402336
1066;Phase 2;561;11.84656;0.134112
1067;Phase 2;562;11.980672;0.268224
1068;Phase 2;563;12.248896;0.22352
1069;Phase 2;564;12.472416;0.178816
1070;Phase 2;565;12.651232;-0.134112
1071;Phase 2;566;12.51712;-0.22352
1072;Phase 2;567;12.2936;-0.22352
1073;Phase 2;568;12.07008;0
1074;Phase 2;569;12.07008;-0.312928
1075;Phase 2;570;11.757152;-0.804672
1076;Phase 2;571;10.95248;-0.89408
1077;Phase 2;572;10.0584;-0.44704
1078;Phase 2;573;9.61136;-0.402336
1079;Phase 2;574;9.209024;-1.162304
1080;Phase 2;575;8.04672;-1.34112
1081;Phase 2;576;6.7056;-1.207008
1082;Phase 2;577;5.498592;-0.536448
1083;Phase 2;578;4.962144;-0.22352
1084;Phase 2;579;4.738624;-0.268224
1085;Phase 2;580;4.4704;-0.22352
1086;Phase 2;581;4.24688;-0.178816
1087;Phase 2;582;4.068064;-0.178816
1088;Phase 2;583;3.889248;-0.044704
1089;Phase 2;584;3.844544;0.089408
1090;Phase 2;585;3.933952;0.089408
1091;Phase 2;586;4.02336;-0.134112
1092;Phase 2;587;3.889248;-0.044704
1093;Phase 2;588;3.844544;-0.268224
1094;Phase 2;589;3.57632;-0.44704
1095;Phase 2;590;3.12928;-0.89408
1096;Phase 2;591;2.2352;-0.357632
1097;Phase 2;592;1.877568;-0.715264
1098;Phase 2;593;1.162304;-0.715264
1099;Phase 2;594;0.44704;-0.44704
1100;Phase 2;595;0;0.044704
1101;Phase 2;596;0.044704;0.22352
1102;Phase 2;597;0.268224;0.44704
1103;Phase 2;598;0.715264;0.89408
1104;Phase 2;599;1.609344;1.475232
1105;Phase 2;600;3.084576;1.385824
1106;Phase 2;601;4.4704;1.251712
1107;Phase 2;602;5.722112;0.536448
1108;Phase 2;603;6.25856;0.22352
1109;Phase 2;604;6.48208;0.67056
1110;Phase 2;605;7.15264;0.938784
1111;Phase 2;606;8.091424;0.849376
1112;Phase 2;607;8.9408;0.44704
1113;Phase 2;608;9.38784;0.089408
1114;Phase 2;609;9.477248;0.044704
1115;Phase 2;610;9.521952;0.044704
1116;Phase 2;611;9.566656;0.134112
1117;Phase 2;612;9.700768;0.357632
1118;Phase 2;613;10.0584;0.22352
1119;Phase 2;614;10.28192;0.357632
1120;Phase 2;615;10.639552;0.312928
1121;Phase 2;616;10.95248;0.22352
1122;Phase 2;617;11.176;-0.044704
1123;Phase 2;618;11.131296;-0.044704
1124;Phase 2;619;11.086592;0.089408
1125;Phase 2;620;11.176;0.178816
1126;Phase 2;621;11.354816;0.178816
1127;Phase 2;622;11.533632;0.089408
1128;Phase 2;623;11.62304;0.178816
1129;Phase 2;624;11.801856;0.089408
1130;Phase 2;625;11.891264;0.134112
1131;Phase 2;626;12.025376;0.044704
1132;Phase 2;627;12.07008;0
1133;Phase 2;628;12.07008;0
1134;Phase 2;629;12.07008;-0.044704
1135;Phase 2;630;12.025376;-0.044704
1136;Phase 2;631;11.980672;0
1137;Phase 2;632;11.980672;-0.134112
1138;Phase 2;633;11.84656;-0.044704
1139;Phase 2;634;11.801856;-0.178816
1140;Phase 2;635;11.62304;-0.22352
1141;Phase 2;636;11.39952;-0.402336
1142;Phase 2;637;10.997184;-0.491744
1143;Phase 2;638;10.50544;-0.89408
1144;Phase 2;639;9.61136;-0.67056
1145;Phase 2;640;8.9408;-1.1176
1146;Phase 2;641;7.8232;-0.67056
1147;Phase 2;642;7.15264;-0.89408
1148;Phase 2;643;6.25856;-1.475232
1149;Phase 2;644;4.783328;-1.475232
1150;Phase 2;645;3.308096;-1.475232
1151;Phase 2;646;1.832864;-1.475232
1152;Phase 2;647;0.357632;-0.357632
1153;Phase 2;648;0;0
1154;Phase 2;649;0;0
1155;Phase 2;650;0;0
1156;Phase 2;651;0;0
1157;Phase 2;652;0;0
1158;Phase 2;653;0;0
1159;Phase 2;654;0;0
1160;Phase 2;655;0;0
1161;Phase 2;656;0;0
1162;Phase 2;657;0;0
1163;Phase 2;658;0;0
1164;Phase 2;659;0;0
1165;Phase 2;660;0;0
1166;Phase 2;661;0;0
1167;Phase 2;662;0;0
1168;Phase 2;663;0;0.938784
1169;Phase 2;664;0.938784;1.475232
1170;Phase 2;665;2.414016;1.475232
1171;Phase 2;666;3.889248;1.475232
1172;Phase 2;667;5.36448;1.475232
1173;Phase 2;668;6.839712;1.475232
1174;Phase 2;669;8.314944;1.1176
1175;Phase 2;670;9.432544;0.849376
1176;Phase 2;671;10.28192;0.22352
1177;Phase 2;672;10.50544;-0.22352
1178;Phase 2;673;10.28192;-0.22352
1179;Phase 2;674;10.0584;-1.1176
1180;Phase 2;675;8.9408;-1.475232
1181;Phase 2;676;7.465568;-1.475232
1182;Phase 2;677;5.990336;-1.475232
1183;Phase 2;678;4.515104;-1.475232
1184;Phase 2;679;3.039872;-1.475232
1185;Phase 2;680;1.56464;-1.475232
1186;Phase 2;681;0.089408;-0.089408
1187;Phase 2;682;0;0
1188;Phase 2;683;0;0
1189;Phase 2;684;0;0
1190;Phase 2;685;0;0
1191;Phase 2;686;0;0
1192;Phase 2;687;0;0
1193;Phase 2;688;0;0
1194;Phase 2;689;0;0
1195;Phase 2;690;0;0
1196;Phase 2;691;0;0.089408
1197;Phase 2;692;0.089408;0.581152
1198;Phase 2;693;0.67056;0.89408
1199;Phase 2;694;1.56464;1.34112
1200;Phase 2;695;2.90576;1.475232
1201;Phase 2;696;4.380992;0.983488
1202;Phase 2;697;5.36448;0.402336
1203;Phase 2;698;5.766816;0.044704
1204;Phase 2;699;5.81152;-0.178816
1205;Phase 2;700;5.632704;0.089408
1206;Phase 2;701;5.722112;0.134112
1207;Phase 2;702;5.856224;0
1208;Phase 2;703;5.856224;0.402336
1209;Phase 2;704;6.25856;0.67056
1210;Phase 2;705;6.92912;0.67056
1211;Phase 2;706;7.59968;0.715264
1212;Phase 2;707;8.314944;0.491744
1213;Phase 2;708;8.806688;0.581152
1214;Phase 2;709;9.38784;0.22352
1215;Phase 2;710;9.61136;0.134112
1216;Phase 2;711;9.745472;0
1217;Phase 2;712;9.745472;-0.134112
1218;Phase 2;713;9.61136;-0.134112
1219;Phase 2;714;9.477248;0.134112
1220;Phase 2;715;9.61136;0.134112
1221;Phase 2;716;9.745472;0.089408
1222;Phase 2;717;9.83488;-0.044704
1223;Phase 2;718;9.790176;-0.089408
1224;Phase 2;719;9.700768;-0.089408
1225;Phase 2;720;9.61136;0
1226;Phase 2;721;9.61136;-0.044704
1227;Phase 2;722;9.566656;-0.581152
1228;Phase 2;723;8.985504;-0.268224
1229;Phase 2;724;8.71728;-0.134112
1230;Phase 2;725;8.583168;0.178816
1231;Phase 2;726;8.761984;0.089408
1232;Phase 2;727;8.851392;0.089408
1233;Phase 2;728;8.9408;-0.22352
1234;Phase 2;729;8.71728;-0.89408
1235;Phase 2;730;7.8232;-0.89408
1236;Phase 2;731;6.92912;-1.1176
1237;Phase 2;732;5.81152;-1.34112
1238;Phase 2;733;4.4704;-0.89408
1239;Phase 2;734;3.57632;-0.89408
1240;Phase 2;735;2.68224;-0.89408
1241;Phase 2;736;1.78816;-0.67056
1242;Phase 2;737;1.1176;-0.804672
1243;Phase 2;738;0.312928;-0.312928
1244;Phase 2;739;0;0
1245;Phase 2;740;0;0
1246;Phase 2;741;0;0
1247;Phase 2;742;0;0
1248;Phase 2;743;0;0
1249;Phase 2;744;0;0
1250;Phase 2;745;0;0
1251;Phase 2;746;0;0.44704
1252;Phase 2;747;0.44704;0
1253;Phase 2;748;0.44704;0
1254;Phase 2;749;0.44704;0
1255;Phase 2;750;0.44704;0
1256;Phase 2;751;0.44704;0.268224
1257;Phase 2;752;0.715264;0.625856
1258;Phase 2;753;1.34112;0.44704
1259;Phase 2;754;1.78816;0.44704
1260;Phase 2;755;2.2352;0.581152
1261;Phase 2;756;2.816352;0.759968
1262;Phase 2;757;3.57632;0.89408
1263;Phase 2;758;4.4704;0.22352
1264;Phase 2;759;4.69392;-0.44704
1265;Phase 2;760;4.24688;-0.44704
1266;Phase 2;761;3.79984;-0.402336
1267;Phase 2;762;3.397504;0.536448
1268;Phase 2;763;3.933952;0.983488
1269;Phase 2;764;4.91744;1.34112
1270;Phase 2;765;6.25856;1.34112
1271;Phase 2;766;7.59968;1.1176
1272;Phase 2;767;8.71728;0.67056
1273;Phase 2;768;9.38784;0.357632
1274;Phase 2;769;9.745472;0.178816
1275;Phase 2;770;9.924288;0.357632
1276;Phase 2;771;10.28192;0.268224
1277;Phase 2;772;10.550144;0.22352
1278;Phase 2;773;10.773664;0.178816
1279;Phase 2;774;10.95248;0
1280;Phase 2;775;10.95248;-0.22352
1281;Phase 2;776;10.72896;-0.22352
1282;Phase 2;777;10.50544;0
1283;Phase 2;778;10.50544;0
1284;Phase 2;779;10.50544;0
1285;Phase 2;780;10.50544;0
1286;Phase 2;781;10.50544;0
1287;Phase 2;782;10.50544;0.22352
1288;Phase 2;783;10.72896;0.044704
1289;Phase 2;784;10.773664;0.178816
1290;Phase 2;785;10.95248;0.089408
1291;Phase 2;786;11.041888;0.134112
1292;Phase 2;787;11.176;0.178816
1293;Phase 2;788;11.354816;0.089408
1294;Phase 2;789;11.444224;0.044704
1295;Phase 2;790;11.488928;0.134112
1296;Phase 2;791;11.62304;0.089408
1297;Phase 2;792;11.712448;0.357632
1298;Phase 2;793;12.07008;0.357632
1299;Phase 2;794;12.427712;0.22352
1300;Phase 2;795;12.651232;0.312928
1301;Phase 2;796;12.96416;0.044704
1302;Phase 2;797;13.008864;-0.044704
1303;Phase 2;798;12.96416;-0.44704
1304;Phase 2;799;12.51712;-1.475232
1305;Phase 2;800;11.041888;-1.475232
1306;Phase 2;801;9.566656;-1.475232
1307;Phase 2;802;8.091424;-1.475232
1308;Phase 2;803;6.616192;-1.475232
1309;Phase 2;804;5.14096;-1.475232
1310;Phase 2;805;3.665728;-1.475232
1311;Phase 2;806;2.190496;-1.475232
1312;Phase 2;807;0.715264;-0.715264
1313;Phase 2;808;0;0
1314;Phase 2;809;0;0
1315;Phase 2;810;0;0
1316;Phase 2;811;0;0
1317;Phase 2;812;0;0
1318;Phase 2;813;0;0
1319;Phase 2;814;0;0
1320;Phase 2;815;0;0
1321;Phase 2;816;0;0
1322;Phase 2;817;0;0
1323;Phase 2;818;0;0
1324;Phase 2;819;0;0
1325;Phase 2;820;0;0
1326;Phase 2;821;0;0
1327;Phase 2;822;0;0
1328;Phase 2;823;0;0
1329;Phase 2;824;0;0
1330;Phase 2;825;0;0
1331;Phase 2;826;0;0
1332;Phase 2;827;0;0
1333;Phase 2;828;0;0
1334;Phase 2;829;0;0
1335;Phase 2;830;0;0
1336;Phase 2;831;0;0
1337;Phase 2;832;0;0.67056
1338;Phase 2;833;0.67056;1.475232
1339;Phase 2;834;2.145792;1.475232
1340;Phase 2;835;3.621024;1.475232
1341;Phase 2;836;5.096256;0.804672
1342;Phase 2;837;5.900928;0.849376
1343;Phase 2;838;6.750304;0.759968
1344;Phase 2;839;7.510272;0.67056
1345;Phase 2;840;8.180832;0.536448
1346;Phase 2;841;8.71728;0.357632
1347;Phase 2;842;9.074912;0.44704
1348;Phase 2;843;9.521952;0.268224
1349;Phase 2;844;9.790176;0.089408
1350;Phase 2;845;9.879584;0.134112
1351;Phase 2;846;10.013696;-0.178816
1352;Phase 2;847;9.83488;-0.178816
1353;Phase 2;848;9.656064;-0.22352
1354;Phase 2;849;9.432544;-0.268224
1355;Phase 2;850;9.16432;-0.22352
1356;Phase 2;851;8.9408;-0.178816
1357;Phase 2;852;8.761984;-0.491744
1358;Phase 2;853;8.27024;-0.44704
1359;Phase 2;854;7.8232;-0.44704
1360;Phase 2;855;7.37616;-0.44704
1361;Phase 2;856;6.92912;-0.67056
1362;Phase 2;857;6.25856;-1.34112
1363;Phase 2;858;4.91744;-1.34112
1364;Phase 2;859;3.57632;-1.251712
1365;Phase 2;860;2.324608;-1.207008
1366;Phase 2;861;1.1176;-1.1176
1367;Phase 2;862;0;0
1368;Phase 2;863;0;0
1369;Phase 2;864;0;0
1370;Phase 2;865;0;0
1371;Phase 2;866;0;0
1372;Phase 2;867;0;0
